"","user.self","sys.self","elapsed","user.child","sys.child"
"time_out_CT",0.419999999999998,0.2,5.75,NA,NA
"time_out_SA",0.0899999999999963,0.11,4.18000000000029,NA,NA
"time_out_GM",0.0799999999999983,0.0899999999999999,3.01000000000022,NA,NA
"time_between_error_CT",1.39,0.470000000000001,81.4400000000005,NA,NA
"time_between_error_SA",0.940000000000005,0.359999999999999,80.5700000000006,NA,NA
"time_between_error_GM",1.11,0.16,48.1399999999994,NA,NA
