"","user.self","sys.self","elapsed","user.child","sys.child"
"time_out_CT",0.120000000000001,0.0800000000000001,6.70000000001164,NA,NA
"time_out_SA",0.0500000000000007,0.01,4.38000000000466,NA,NA
"time_out_GM",0.16,0.11,2.82000000000698,NA,NA
"time_between_error_CT",0.640000000000001,0.199999999999999,64.1699999999837,NA,NA
"time_between_error_SA",0.469999999999999,0.29,75.640000000014,NA,NA
"time_between_error_GM",0.560000000000002,0.0700000000000003,49.609999999986,NA,NA
"time_sites_LRTs_CT",0.859999999999999,0.58,2399.77000000002,NA,NA
"time_sites_LRTs_SA",1.52,0.95,3248.10999999999,NA,NA
"time_sites_LRTs_GM",1.37,0.83,3462.17000000004,NA,NA
